CREATE DATABASE southrock;

USE southrock;

CREATE TABLE produtos (
    sku INT NOT NULL PRIMARY KEY,
    produto VARCHAR(255) NOT NULL,
    grupo VARCHAR(255) NOT NULL
);

CREATE TABLE pedidos (
    id INT AUTO_INCREMENT PRIMARY KEY,
    data DATETIME DEFAULT CURRENT_TIMESTAMP
);

CREATE TABLE pedido_itens (
    id INT AUTO_INCREMENT PRIMARY KEY,
    pedido_id INT,
    sku INT,
    quantidade INT,
    FOREIGN KEY (pedido_id) REFERENCES pedidos(id),
    FOREIGN KEY (sku) REFERENCES produtos(sku)
);

CREATE TABLE tipo_usuario (
    id INT NOT NULL PRIMARY KEY,
    descricao VARCHAR(255) NOT NULL
);

CREATE TABLE usuarios (
    id INT NOT NULL AUTO_INCREMENT PRIMARY KEY,
    username VARCHAR(255) NOT NULL,
    password VARCHAR(255) NOT NULL,
    tipo_usuario INT NOT NULL,
    cnpj VARCHAR(20),
    responsavel VARCHAR(255),
    endereco VARCHAR(255),
    cep VARCHAR(10),
    bairro VARCHAR(100),
    cidade VARCHAR(100),
    uf CHAR(2),
    FOREIGN KEY (tipo_usuario) REFERENCES tipo_usuario(id)
);


INSERT INTO produtos (sku, produto, grupo) VALUES
    (600023065, '3221', 'DIVERSOS SKUS'),
    (600028602, '27945', 'THERMAL CUTOFF W/LEAD. RED 51'),
    (34233001, 'A ESTRELICIA', '600024382'),
    (600031044, 'BANCADA DE GR. BRANCO', 'DIVERSOS SKUS'),
    (600023481, 'BASE DO LAVADOR', 'DIVERSOS SKUS'),
    (600025627, 'BLOCO METALICO', 'DIVERSOS SKUS'),
    (600023487, 'CABECA DE PULVERIZACAO', 'DIVERSOS SKUS'),
    (600020024, 'CAMPO MAGNETICO ICB5', 'DIVERSOS SKUS'),
    (600032225, 'CAPACITADOR', 'DIVERSOS SKUS'),
    (32, 'CHAMEX OFFICE A4 BR 75G 210 X 297 CHX 500 FLS', 'DIVERSOS SKUS'),
    (600020115, 'CHAVE DE PRESSAO', 'DIVERSOS SKUS'),
    (1010031680, 'DVR 8CH', 'DIVERSOS SKUS'),
    (600019703, 'ESTOFARIA SOFA 200CM FIBRA FECHADA TEC A - SAVANNAH', 'DIVERSOS SKUS'),
    (600032440, 'FAQUEIRO 42PC INOX', 'DIVERSOS SKUS'),
    (10429, 'GARRAFA TERMICA INOX 2.5L', 'DIVERSOS SKUS'),
    (600001784, 'GAXETA', 'DIVERSOS SKUS'),
    (600023192, 'LAVADOR', 'DIVERSOS SKUS'),
    (600022001, 'Mochila. 600D. parte posterior almofadada', 'DIVERSOS SKUS'),
    (600020221, 'PARAFUSO DE CABECA OVAL', 'DIVERSOS SKUS'),
    (600025912, 'PIN MUG - OURO VELHO', 'DIVERSOS SKUS'),
    (600025913, 'PIN PARTNER OF THE QUARTER', 'DIVERSOS SKUS'),
    (10330, 'STARBUCKS CHICAGO MUSSARELA 190G CX 12 UN', 'CONGELADOS'),
    (600020242, '(**)FILTRO SEC. FLIGOR ST 084 X 1/2 R ST210 X 1/2R', 'DIVERSOS SKUS'),
    (600017811, '(1003E) BASE DE MESA JANTAR - STARBUCKS', 'DIVERSOS SKUS'),
    (600001573, '(10513) MESA DE JANTAR ALUMINIO RED DIAM 71 - STARBUCKS', 'DIVERSOS SKUS'),
    (600001572, '(107FA) CADEIRA FIBRA ABERTA - BALI', 'DIVERSOS SKUS'),
    (600023112, '(107FF) CADEIRA FIBRA FECHADA - BALI', 'DIVERSOS SKUS'),
    (600028373, '(12141) MESA DE JANTAR RED DIAM 71 - STARBUCKS', 'DIVERSOS SKUS'),
    (600001727, '(12271) MESA COMUNITARIA - STARBUCKS', 'CONSTRUÇÃO'),
    (600017906, '(12294) BASE DE MESA ALTA 1.05M - STARBUCKS', 'DIVERSOS SKUS'),
    (600028837, '(12306) MESA DE JANTAR QUADR 75CM - STARBUCKS', 'DIVERSOS SKUS'),
    (90010, '(12312) MESA DE CENTRO - STARBUCKS', 'DIVERSOS SKUS'),
    (600001725, '(12321) BANQUETA ENCOSTO - STARBUCKS', 'CONSTRUÇÃO'),
    (83035, '(12707) MESA LATERAL QUADRADA - STARBUCKS', 'DIVERSOS SKUS'),
    (600017858, '(13262) TAMPO DE MADEIRA DIAM 0.61 - STARBUCKS', 'DIVERSOS SKUS'),
    (600001575, '(13262) TAMPO DE MADEIRA DIAM 0.61 - STARBUCKS', 'CONSTRUÇÃO'),
    (600001574, '(13332) TAMPO QUADRADO 61 CM - STARBUCKS', 'CONSTRUÇÃO'),
    (600017809, '(1611FFA) SOFA 200CM FIBRA FECHADA TEC A - SAVANNAH', 'SECO'),
    (600001847, '(1633FFF) MODULO MEIO 95CM FIBRA FECHADA TEC FORNECIDO - SAVANNAH', 'CONSTRUÇÃO'),
    (600001848, '(1660FF) CUBINHO FIBRA FECHADA - SAVANNAH', 'CONSTRUÇÃO'),
    (600019216, '(177FA) CADEIRA COM BRACO FIBRA ABERTA - BALI', 'DIVERSOS SKUS'),
    (600020601, '(177FF) CADEIRA COM BRACO FIBRA FECHADA - BALI', 'DIVERSOS SKUS'),
    (600018368, '(1804CO) MESA REDONDA 80CM CORIAN - GOA', 'DIVERSOS SKUS'),
    (18158, '(1818M) MESA ALTA DE BAR 70 CM MADEIRA - GOA', 'DIVERSOS SKUS'),
    (600018063, '(1823) BASE MESA DE JANTAR - GOA', 'CONSTRUÇÃO'),
    (600028848, '(1825) BASE PEQUENA PARA DEMAIS TAMPOS - GOA', 'DIVERSOS SKUS'),
    (600091067, '(1826) BASE GRANDE PARA DEMAIS TAMPOS - GOA', 'DIVERSOS SKUS'),
    (600020317, '(2)MANTA BRANCA FILTRANTE G3 120 (1.50X20MTS)', 'DIVERSOS SKUS'),
    (600020280, '(2)MANTA BRANCA FILTRANTE G3 120 (1.50X20MTS)', 'DIVERSOS SKUS'),
    (600017810, '(5077) CADEIRA COM BRACO - TECHNICOLOR', 'DIVERSOS SKUS'),
    (600028988, '(5950) BANCO - SPOOL', 'DIVERSOS SKUS'),
    (600020574, '(ARO) ARO BASE BAIXA', 'DIVERSOS SKUS'),
    (600000749, '(BMQ1) OMBRELONE QUADRADO 200 CM - OMBRELONE', 'DIVERSOS SKUS'),
    (600001841, '(BMQ1B) OMBRELONE QUADRADO 200CM TEC B - OMBRELONE', 'CONSTRUÇÃO'),
    (600020036, '(BMQ2) OMBRELONE QUADRADO 250CM - OMBRELONE', 'DIVERSOS SKUS');

INSERT INTO tipo_usuario (id, descricao) VALUES
    (1, 'matriz'),
    (2, 'loja');


INSERT INTO usuarios (username, password, tipo_usuario, cnpj, responsavel, endereco, cep, bairro, cidade, uf) VALUES
    ('admin', '123456', 1,'12.345.678/0001-90', 'João Silva', 'Rua das Flores, 123', '04929220', 'alto do rivieira', 'São Paulo', 'SP'),
    ('star01', 'teste', 2, '07.984.267/0001-00', 'Igor Costa', 'Av Paulista, 900 - ANDAR 10 PARTE', '01310-940', 'Bela Vista', 'São Paulo', 'SP'),
    ('star02', 'teste', 2, '07.984.267/0005-33', 'Eduardo Oliveira', 'Av. Roque Petroni Jr., 1.089 - LOJA 234-B/S NIVEL SUPERIOR SHOP.CENTER MORUMBI', '04707-970', 'Vl. Gertrudes', 'São Paulo', 'SP'),
    ('star03', 'teste', 2, '07.984.267/0006-14', 'Juliana Martins', 'Av. Higienópolis, 618 - SHOPPING CENTER PATIO HIGIENOPOLIS, ARCO 324', '01238-000', 'Higienópolis', 'São Paulo', 'SP'),
    ('star04', 'teste', 2, '07.984.267/0010-09', 'Igor Lima', 'Av. Paulista, 2.064 - PAVMTOAUGUSTA LOJA A-1, A2 E A-49', '01310-928', 'Cerqueira Cesar', 'São Paulo', 'SP'),
    ('star05', 'teste', 2, '07.984.267/0011-81', 'Igor Nascimento', 'Al. Santos, 1.054', '01418-100', 'Cerqueira Cesar', 'São Paulo', 'SP'),
    ('star06', 'teste', 2, '07.984.267/0012-62', 'Igor Costa', 'Av. Rebouças, 3.970 - Loja De Uso Comercial 102', '01238-000', 'Pinheiros', 'São Paulo', 'SP'),
    ('star07', 'teste', 2, '07.984.267/0014-24', 'Gabriel Pereira', 'Rua Turiassu, 2100 - Suc 120', '05005-000', 'Perdizes', 'São Paulo', 'SP'),
    ('star08', 'teste', 2, '07.984.267/0017-77', 'Daniela Rodrigues', 'Rua Jeriquara, 109 - Loja 07', '05620-070', 'Vila Inah', 'São Paulo', 'SP'),
    ('star09', 'teste', 2, '07.984.267/0016-96', 'Carlos Pereira', 'Rua Desembargador Eliseu Guilherme, 200 - Loja 04', '04004-030', 'Paraiso', 'São Paulo', 'SP'),
    ('star10', 'teste', 2, '07.984.267/0019-39', 'Helena Pereira', 'Rua Joaquim Floriano, 466 - Loja 28', '04534-002', 'Itaim Bibi', 'São Paulo', 'SP'),
    ('star11', 'teste', 2, '07.984.267/0021-53', 'Juliana Almeida', 'Al. Jauperi, 597', '04523-012', 'Indianópolis', 'São Paulo', 'SP'),
    ('star12', 'teste', 2, '07.984.267/0023-15', 'Carlos Martins', 'Av. Das Nações Unidas, 4.777 - Lote A - Lojas 156/157 - Piso I', '05477-000', 'Jardim Universidade Pinheiros', 'São Paulo', 'SP'),
    ('star13', 'teste', 2, '07.984.267/0020-72', 'Juliana Nascimento', 'Rua Coronel Quirino, 1.067 ', '13025-002', 'Cambui', 'Campinas', 'SP'),
    ('star14', 'teste', 2, '07.984.267/0022-34', 'Bruno Souza', 'Av. Afranio De Melo Franco, 290 - : SHOPPING LEBLON; : PRACA CENTRAL; : 1 PISO; : ESPACO Q-07;', '22430-060', 'Leblon', 'Rio de Janeiro', 'RJ'),
    ('star15', 'teste', 2, '07.984.267/0025-87', 'Fernanda Oliveira', 'Av. Paulista, 854 - Luc 34', '01310-100', 'Bela Vista', 'São Paulo', 'SP'),
    ('star16', 'teste', 2, '07.984.267/0027-49', 'Daniela Souza', 'Av. Guilherme Campos, 500 - Euc Rx 006 B/C', '13087-901', 'Jd. Santa Genebra', 'Campinas', 'SP'),
    ('star17', 'teste', 2, '07.984.267/0029-00', 'Gabriel Oliveira', 'Praia De Botafogo, 400 - LOJA 343, 344 E 345 3.PISO', '22250-040', 'Botafogo', 'Rio de Janeiro', 'RJ'),
    ('star18', 'teste', 2, '07.984.267/0030-44', 'Eduardo Souza', 'Av. Regente Feijó, 1739 - SHOP. ANALIA FRANCO (LUC) LR-67/68', '03342-000', 'Jd. Analia Franco', 'São Paulo', 'SP'),
    ('star19', 'teste', 2, '07.984.267/0031-25', 'Fernanda Souza', 'Av. Das Américas, 500 - Bl. 07 - Loja 111', '22640-100', 'Barra Da Tijuca', 'Rio de Janeiro', 'RJ'),
    ('star20', 'teste', 2, '07.984.267/0032-06', 'Carlos Martins', 'Av. Lauro Sodré, 445 - Loja 401 - Parte D 11/11A', '22640-100', 'Botafogo', 'Rio de Janeiro', 'RJ'),
    ('star21', 'teste', 2, '07.984.267/0035-59', 'Bruno Rodrigues', 'Av Piracema, 669 - SHOPPING TAMBORE, LOJA L 410, PISO T', '06460-030', 'Tamboré', 'Barueri', 'SP'),
    ('star22', 'teste', 2, '07.984.267/0036-30', 'Eduardo Costa', 'Rua Dr. Almeida Lima, 1134 - LOJA 08 - UNIVERSIDADE ANHEMBI MORUMBI (CENTRO)', '03164-000', 'Brás', 'São Paulo', 'SP'),
    ('star23', 'teste', 2, '07.984.267/0037-10', 'Gabriel Lima', 'Rua Quinze De Novembro, 4 - PAVMTO1 PISO SPN1E301', '24020-125', 'Centro', 'Niterói', 'RJ'),
    ('star24', 'teste', 2, '07.984.267/0038-00', 'Igor Oliveira', 'Av. Das Américas, 5000 - Loja 111 - Nivel Terréo', '22631-004', 'Barra Da Tijuca', 'Rio de Janeiro', 'RJ'),
    ('star25', 'teste', 2, '07.984.267/0041-05', 'Fernanda Lima', 'Al. Terracota, 545 - PARK SHOPPING SAO CAETANO, LOJA (LUC) 2001', '09531-190', 'Cerâmica', 'São Caetano do Sul', 'SP'),
    ('star26', 'teste', 2, '07.984.267/0042-88', 'Igor Martins', 'Praia De Botafogo, 228 - Loja 120', '22250-040', 'Botafogo', 'Rio de Janeiro', 'RJ'),
    ('star27', 'teste', 2, '07.984.267/0059-26', 'Carlos Lima', 'Av. Engenheiro Luiz Carlos Berrini, 773', '04571-010', 'Cidade Monções', 'São Paulo', 'SP'),
    ('star28', 'teste', 2, '07.984.267/0058-45', 'Gabriel Silva', 'Av. Pavão, 667', '04516-012', 'Indianópolis', 'São Paulo', 'SP'),
    ('star29', 'teste', 2, '07.984.267/0049-54', 'Carlos Almeida', 'Av. Ayrton Senna, 3000 - LOJA 2125AB/2126', '22775-003', 'Barra Da Tijuca', 'Rio de Janeiro', 'RJ'),
    ('star30', 'teste', 2, '07.984.267/0048-73', 'Bruno Pereira', 'Av. Pereira Barreto, 42, LOJA 411 B PISO P2', '09190-900', 'Paraíso', 'Santo André', 'SP'),
    ('star31', 'teste', 2, '07.984.267/0053-30', 'Helena Almeida', 'Rua Capitão Pacheco E Chaves, 313 - Piso L2 - Lj. 2064', '03126-000', 'Vila Prudente', 'São Paulo', 'SP'),
    ('star32', 'teste', 2, '07.984.267/0055-00', 'Ana Lima', 'Rua Gonçalves Crespo, 78 - 3 PAVIMENTO LOJA 432', '03066-030', 'Tatuapé', 'São Paulo', 'SP'),
    ('star33', 'teste', 2, '07.984.267/0054-11', 'Eduardo Nascimento', 'Av. Paulista, 1499, Lojas 02 E 03', '01311-200', 'Bela Vista', 'São Paulo', 'SP'),
    ('star34', 'teste', 2, '07.984.267/0056-83', 'Bruno Souza', 'Rua Visconde De Pirajá, 206, Loja A', '22410-905', 'Ipanema', 'Rio de Janeiro', 'RJ'),
    ('star35', 'teste', 2, '07.984.267/0061-40', 'Igor Pereira', 'Rua Haddock Lobo, 608', '01414-000', 'Cerqueira Cesar', 'São Paulo', 'SP'),
    ('star36', 'teste', 2, '07.984.267/0062-21', 'Carlos Silva', 'Rua Werner Von Siemens, 111 - EDIF 11 LOJA 16 TERREO', '05069-010', 'Lapa De Baixo', 'São Paulo', 'SP'),
    ('star37', 'teste', 2, '07.984.267/0060-60', 'Daniela Costa', 'Av. Maracanã, 987, Loja 3020', '20511-000', 'Tijuca', 'Rio de Janeiro', 'RJ'),
    ('star38', 'teste', 2, '07.984.267/0063-02', 'Helena Lima', 'Av Nove De Julho, 3333, Loja Luc 200-B/C Nivel Piso Jundiai L2', '13208-056', 'Anhangabaú', 'Jundiaí', 'SP'),
    ('star39', 'teste', 2, '07.984.267/0088-60', 'Gabriel Nascimento', ' Rua Funchal, 449 - A TERREO LOJA 06 E 07', '04551-060', 'Itaim Bibi', 'São Paulo', 'SP'),
    ('star40', 'teste', 2, '07.984.267/0071-12', 'Ana Rodrigues', 'Av. Das Nações Unidas, 14171 - COND: R. CORPORATE TOWERS; TERREO: LOJA C2;', '04794-000', 'Vila Gertrudes', 'São Paulo', 'SP'),
    ('star41', 'teste', 2, '07.984.267/0064-93', 'Gabriel Silva', 'Rua Manuel Da Nobrega 61- 65 - TERREO, LOJAS 14 E 15', '04001-080', 'Vila Mariana', 'São Paulo', 'SP'),
    ('star42', 'teste', 2, '07.984.267/0068-17', 'Daniela Oliveira', 'Av Das Nações Unidas, 13947 - : PISO TERREO; LOJA: 118;', '04794-000', 'Vl Gertrudes', 'São Paulo', 'SP'),
    ('star43', 'teste', 2, '07.984.267/0065-74', 'Gabriel Oliveira', 'Rua Domingos Agostim, 91 - LOJA: M-27/ M-28; : PISO METRO;', '03306-010', 'Cidade Mãe Do Céu', 'São Paulo', 'SP'),
    ('star44', 'teste', 2, '07.984.267/0066-55', 'Igor Costa', 'Av Rotary, 624, LOJA: 1068; : PISO L1;', '09721-000', 'Centro', 'São Bernardo do Campo', 'SP'),
    ('star45', 'teste', 2, '07.984.267/0067-36', 'Ana Oliveira', 'Rua Bandeira Paulista, 300 - ANDAR: TERREO; EDIF: LOFT SAO PAULO IV;', '04532-000', 'Itaim Bibi', 'São Paulo', 'SP'),
    ('star46', 'teste', 2, '07.984.267/0069-06', 'Fernanda Nascimento', 'Av. Dom Helder Camara, 5080 - LOJA 4205 ANDAR 2', '20771-004', 'Pilares', 'Rio de Janeiro', 'RJ'),
    ('star47', 'teste', 2, '07.984.267/0070-31', 'Daniela Nascimento', 'Av. Nossa Senhora De Copacabana, 1058 - LOJA B', '22060-002', 'Copacabana', 'Rio de Janeiro', 'RJ'),
    ('star48', 'teste', 2, '07.984.267/0083-56', 'Eduardo Oliveira', 'Av. Deputado Benedito Matarazzo, 9403 - CENTERVALE SHOPPING PISO SUPERIOR LOJA M 119', '12215-900', 'Jardim Oswaldo Cruz ', 'São José dos Campos ', 'SP'),
    ('star49', 'teste', 2, '07.984.267/0073-84', 'Eduardo Almeida', 'Rod. Dom Pedro I, Km 131, S/N - TERREO; LOJA: L50/L51;', '13091-901', 'Bairro Das Palmeiras', 'Campinas', 'SP'),
    ('star50', 'teste', 2, '07.984.267/0079-70', 'Daniela Martins', 'Praça Leonor Kaupa, 100 - LOJA: KF-107; PAVMTO: IMIGRANTES;', '04151-900', 'Bosque Da Saúde', 'São Paulo', 'SP'),
    ('star51', 'teste', 2, '07.984.267/0078-99', 'Juliana Martins', 'Rod. Helio Smidt, S/N - TERMINAL 2 MEZANINO LOJA T2ME021', '07190-100', 'Aeroporto', 'Guarulhos', 'SP'),
    ('star52', 'teste', 2, '07.984.267/0076-27', 'Daniela Nascimento', 'Rod. Helio Smidt, S/N - PAVMTO: SUPERIOR; LOJA: T2SU211;', '07190-100', 'Aeroporto', 'Guarulhos', 'SP'),
    ('star53', 'teste', 2, '07.984.267/0077-08', 'Igor Almeida', 'Rod. Helio Smidt, S/N - PAVMTO: SUPERIOR ; LOJA: T2SU178;', '07190-100', 'Aeroporto', 'Guarulhos', 'SP'),
    ('star54', 'teste', 2, '07.984.267/0090-85', 'Gabriel Pereira', 'Rod. Helio Smidt, S/N - 3 LOJA 2P3-005B', '07190-100', 'Aeroporto', 'Guarulhos', 'SP'),
    ('star55', 'teste', 2, '07.984.267/0084-37', 'Helena Martins', 'Av. Dr. Antonio Maria Laet, S/N - PAVMTO: 2; LOJA: 36/37.2;', '02240-000', 'Parada Inglesa ', 'São Paulo', 'SP'),
    ('star56', 'teste', 2, '07.984.267/0080-03', 'Ana Almeida', 'Av. Coronel Fernando Ferreira Leite, 1540 - QUIOSQ: PROX. A LUC 147 E/F; PAVMTO: SUPERIOR;', '14026-900', 'Jardim Califórnia ', 'Ribeirão Preto', 'SP'),
    ('star57', 'teste', 2, '07.984.267/0082-75', 'Bruno Costa', 'Av. Coronel Fernando Ferreira Leite, 1540 - QUIOSQ: LUC 214; PAVMTO: CALIFORNIA;', '14026-900', 'Jardim Califórnia', 'Ribeirão Preto', 'SP'),
    ('star58', 'teste', 2, '07.984.267/0081-94', 'Helena Souza', 'Av. Luiz Eduardo Toledo Prado, 900 - PAVMTO: SUPERIOR; QUIOSQ: 204/205;', '14027-250', 'Vila Do Golf', 'Ribeirão Preto', 'SP'),
    ('star59', 'teste', 2, '07.984.267/0075-46', 'Fernanda Pereira', 'Av. Gisele Constantino, 1850 - LOJA 254', '18110-650', 'Parque Bela Vista', 'Votorantim', 'SP'),
    ('star60', 'teste', 2, '07.984.267/0091-66', 'Helena Silva', 'Av. Das Américas, 4666 - NIVEL AMERICAS LOJA 246 H-I', '22640-902', 'Barra Da Tijuca', 'Rio de Janeiro', 'RJ'),
    ('star61', 'teste', 2, '07.984.267/0110-63', 'Juliana Rodrigues', 'Praça Floriano, 07 - LOJA: A; BLOCO: C;', '20031-050', 'Centro', 'Rio de Janeiro', 'RJ'),
    ('star62', 'teste', 2, '07.984.267/0087-80', 'Fernanda Pereira', 'Av. Pastor Martin Luther King Jr, 126 Bloco 10, Pavmto1 ', '20765-000', 'Del Castilho ', 'Rio de Janeiro', 'RJ'),
    ('star63', 'teste', 2, '07.984.267/0085-18', 'Bruno Oliveira', 'Rua Maria Antonia, 293 –  403 PREDIO 7', '01222-010', 'Consolação ', 'São Paulo', 'SP'),
    ('star64', 'teste', 2, '07.984.267/0086-07', 'Daniela Nascimento', 'Rua Frei Caneca, 569 - PISO TERREO SUPERIOR SUC 156', '01307-001', 'Consolação ', 'São Paulo', 'SP'),
    ('star65', 'teste', 2, '07.984.267/0099-13', 'Fernanda Costa', 'Praça Samuel Sabatini, 200 - : PISO TERREO; : SALAO DE USO ; : COMERCIAL 281;', '09750-902', 'Centro', 'São Bernardo do Campo', 'SP'),
    ('star66', 'teste', 2, '07.984.267/0097-51', 'Carlos Souza', 'Rod. Santos Dumont Km 66, S/N - : NTPS; : EUC; : F.AR -1 02;', '13052-902', 'Parque Viracopos', 'Campinas', 'SP'),
    ('star67', 'teste', 2, '07.984.267/0094-09', 'Helena Rodrigues', 'Rod. Santos Dumont Km 66, S/N - : NTPS; : EUC; : F.MA 108;', '13052-902', 'Parque Viracopos', 'Campinas', 'SP'),
    ('star68', 'teste', 2, '07.984.267/0089-41', 'Juliana Martins', 'Av. Presidente Juscelino Kubitschek Nº 2.041 - PLTIS 3 QUIOSQ426 1 E 2', '04543-011', 'Vila Nova Conceição', 'São Paulo', 'SP'),
    ('star69', 'teste', 2, '07.984.267/0096-70', 'Helena Nascimento', 'Av. Raimundo Pereira De Magalhães, 1465 - TERREO; : SALAO DE USO; : COMERCIAL; : SUC 1044;', '05145-000', 'Jardim Iris', 'São Paulo', 'SP'),
    ('star70', 'teste', 2, '07.984.267/0093-28', 'Ana Souza', 'Av. Presidente Juscelino Kubitschek De Oliveira, 5000 - LOJA: 1026; PAVMTO: TERREO; : SHOPPING CENTER ; : IGUATEMI;', '15093-340', 'Iguatemi ', 'São José do Rio Preto', 'SP'),
    ('star71', 'teste', 2, '07.984.267/0095-90', 'Bruno Lima', 'Av. Limeira,722 - : 1 PISO; : SALAO USO COMERCIAL; : SUC 110/111;', '13414-018', 'Vila Areiao ', 'Piracicaba ', 'SP'),
    ('star72', 'teste', 2, '07.984.267/0098-32', 'Daniela Almeida', 'Av. Andromeda,227 - : SALAO USO COMERCIAL; : SUC 117;', '12230-000', 'Jardim Satelite ', 'São José dos Campos ', 'SP'),
    ('star73', 'teste', 2, '07.984.267/0100-91', 'Gabriel Nascimento', 'Rua Jacy Teixeira Camargo, 940 - : PISO TERREO; : SUC 401 B;', '13050-008', 'Jardim Do Lago ', 'Campinas', 'SP'),
    ('star74', 'teste', 2, '07.984.267/0107-68', 'Carlos Costa', 'Av. Paulista, 1230 - TERREO: SALAO USO COMERCIAL; : SUC 207;', '01310-100', 'Bela Vista', 'São Paulo', 'SP'),
    ('star75', 'teste', 2, '07.984.267/0102-53', 'Gabriel Costa', 'Rua Engenheiro Camilo Olivetti,295 - : LUC; QUIOSQ: QS-10;', '07042-040', 'Vila Endres', 'Guarulhos', 'SP'),
    ('star76', 'teste', 2, '07.984.267/0104-15', 'Igor Martins', 'Av. Paulista, 500 - EDIF: PAULISTA 500; TERREO; LOJA: 1;', '01310-000', 'Bela Vista', 'São Paulo', 'SP'),
    ('star77', 'teste', 2, '07.984.267/0103-34', 'Igor Almeida', 'Rua Alexandre Martins, 80 - NIVEL: 1; : SUC 191;', '11025-905', 'Aparecida', 'Santos', 'SP'),
    ('star78', 'teste', 2, '07.984.267/0105-04', 'Daniela Almeida', 'Av. Bartholomeu De Carlos, 230 - LOJA: LUC 2014; : PARQUE SHOPPING MAIA;', '07097-420', 'Jardim Flor Da Montanha', 'Guarulhos', 'SP'),
    ('star79', 'teste', 2, '07.984.267/0106-87', 'Eduardo Martins', 'Rua Henrique Savi 55 Quadra 15, 15-55 - : PISO; TERREO: ENTRE A DUAS ESCADAS;', '17011-900', 'Vila Cidade Universitaria', 'Bauru', 'SP'),
    ('star80', 'teste', 2, '07.984.267/0113-06', 'Igor Rodrigues', 'Rua Maestro Cardim, 769 - TERREO: BLOCO V; : COMPLEXO HOSPITALAR; : SAO JOAQUIM;', '01323-900', 'Bela Vista', 'São Paulo', 'SP'),
    ('star81', 'teste', 2, '07.984.267/0109-20', 'Ana Costa', 'Av. Jose Pinheiro Borges, S/N - PAVMTO: 2; : ESPACO COMERCIAL 216;', '08220-900', 'Vila Campanela', 'São Paulo', 'SP'),
    ('star82', 'teste', 2, '07.984.267/0108-49', 'Juliana Costa', 'Av. Vinte De Janeiro, S/N - QUIOSQ: MEZANINO TPS 2 ; : EIXO 44/45; : LINHA E/F;', '21941-570', 'Galeão', 'Rio de Janeiro', 'RJ'),
    ('star83', 'teste', 2, '07.984.267/0120-35', 'Eduardo Nascimento', 'Av. Washington Luis, S/N - TERREOTERM DE PASSAGEIROS SAGUAO CENTRAL ENTRE O EIXO 62 E 65', '04626-911', 'Vila Congonhas', 'São Paulo', 'SP'),
    ('star84', 'teste', 2, '07.984.267/0111-44', 'Bruno Pereira', 'Av. Paulista, 2026 - : LT E GR S/51; LOJA: A; LOJA: B;', '01310-200', 'Bela Vista ', 'São Paulo', 'SP'),
    ('star85', 'teste', 2, '07.984.267/0115-78', 'Igor Oliveira', 'Rua Do Carmo, 11 - LOJA: A; : TERREO;', '20011-020', 'Centro', 'Rio de Janeiro', 'RJ'),
    ('star86', 'teste', 2, '07.984.267/0117-30', 'Fernanda Oliveira', 'Pc. Da Republica, 36 - LOJA: 1;', '01045-000', 'Republica', 'São Paulo', 'SP'),
    ('star87', 'teste', 2, '07.984.267/0112-25', 'Igor Almeida', 'Rua Quinze De Novembro, 08 - : 1 PISO; LOJA: 168; : PLAZA SHOPPING;', '24020-125', 'Centro', 'Niterói', 'RJ'),
    ('star88', 'teste', 2, '07.984.267/0114-97', 'Daniela Martins', 'Av. Nações Unidas, 12901 - : ESCRITORIO DO-12; ANEXO: C;', '04578-000', 'Brooklin Paulista ', 'São Paulo', 'SP'),
    ('star89', 'teste', 2, '07.984.267/0118-10', 'Helena Oliveira', 'Av. Nações Unidas, 22540 - LOJA: A4 29;', '047959-21', 'Vila Almeida ', 'São Paulo', 'SP'),
    ('star90', 'teste', 2, '07.984.267/0119-00', 'Bruno Almeida', 'Rua Domingos De Morais 2564 - TERREO: SALAO COMERCIAL; : SMS0028;', '04036-100', 'Vila Mariana', 'São Paulo', 'SP'),
    ('star91', 'teste', 2, '07.984.267/0122-05', 'Igor Oliveira', 'Rua Voluntarios Da Pátria 89 - LOJA A', '22270-000', 'Botafogo', 'Rio de Janeiro', 'RJ'),
    ('star92', 'teste', 2, '07.984.267/0124-69', 'Juliana Oliveira', 'Rod. Bandeirantes, S/N - KM 58 GLB', '13211-490', 'Uirapuru', 'Jundiaí', 'SP'),
    ('star93', 'teste', 2, '07.984.267/0125-40', 'Gabriel Pereira', 'Pc Senador Salgado Filho, 00001 - LOJ 101', '20021-340', 'Centro', 'Rio de Janeiro', 'RJ'),
    ('star94', 'teste', 2, '07.984.267/0126-20', 'Bruno Pereira', 'Pc Antero De Quental, 1 - METRORIO ANTERO DE Q UENTAL AQT Q MU 02 E 03', '22431-080', 'Rio De Janeiro', 'Rio de Janeiro', 'RJ'),
    ('star95', 'teste', 2, '07.984.267/0127-01', 'Bruno Costa', 'Av Rio Branco, 143 - LOJ A SSL SBL 201', '20040-006', 'Centro', 'Rio de Janeiro', 'RJ'),
    ('star96', 'teste', 2, '07.984.267/0128-92', 'Fernanda Nascimento', 'Av Vinte De Janeiro, S/N - TPS2 AREA RESTRITA E MBARQUE DOMESTICO EI XOS 32/34 LINHAS C/D', '21941-570', 'Galeao', 'Rio de Janeiro', 'RJ'),
    ('star97', 'teste', 2, '07.984.267/0129-73', 'Igor Nascimento', 'Al. Rio Negro, 111 - LOJA 258/259A', '06454-911', 'Alphaville Industrial', 'Barueri ', 'SP'),
    ('star98', 'teste', 2, '07.984.267/0123-88', 'Gabriel Almeida', 'Avenida Roque Petroni Junior, 1089 - LOJA 150-L', '04707-000', 'Jardim Das Acacias', 'São Paulo', 'SP'),
    ('star99', 'teste', 2, '07.984.267/0130-07', 'Ana Nascimento', 'Rod. Bandeirantes, S/N - LT TULIPA KM 63', '13212-195 ', 'Jardim Ermida Ii', 'Jundiaí', 'SP'),
    ('star100', 'teste', 2, '07.984.267/0131-98', 'Juliana Pereira', 'Av. Das Américas, 3900 - STAND P 204 PAVIMENTO L2', '22640-102', 'Barra Da Tijuca', 'Rio de Janeiro', 'RJ'),
    ('star101', 'teste', 2, '07.984.267/0132-79', 'Carlos Almeida', 'Avenida Interlagos, 2255 - ARCO', '04661-200', 'Jardim Umuarama', 'São Paulo', 'SP'),
    ('star102', 'teste', 2, '07.984.267/0133-50', 'Ana Lima', 'Travessa Casalbuono 120 - SALA USO COMERCIAL 314', '02089-900', 'Vila Guilherme', 'São Paulo', 'SP'),
    ('star103', 'teste', 2, '07.984.267/0134-30', 'Bruno Costa', 'Rua Coronel Xavier De Toledo, 23 - LOJA 22 23 24', '01048-100', 'Republica', 'São Paulo', 'SP'),
    ('star104', 'teste', 2, '07.984.267/0135-11', 'Daniela Almeida', 'Pc Senador Salgado Filho - AL 15 SAGUAO DE EMBARQUE TERREO', '20021-340', 'Centro', 'Rio de Janeiro', 'RJ'),
    ('star105', 'teste', 2, '07.984.267/0136-00', 'Bruno Almeida', 'Av.Giovanni Gronchi, 5930 - LOJA 7 TOWN', '05724-002', 'Vila Andrade', 'São Paulo', 'SP'),
    ('star106', 'teste', 2, '07.984.267/0137-83', 'Juliana Almeida', 'Av. Magalhaes De Castro, 4800 - AL 233', '05676-120', 'Cidade Jardim', 'São Paulo', 'SP'),
    ('star107', 'teste', 2, '07.984.267/0161-03', 'Carlos Rodrigues', 'Av. Da Liberdade, 151 - Terreo', '01503-000', 'Liberdade', 'São Paulo', 'SP'),
    ('star108', 'teste', 2, '07.984.267/0151-31', 'Bruno Rodrigues', 'Av. Albert Einsten, 627 - Bloco A1 Piso 12 Parte', '05652-000', 'Jardim Leonor', 'São Paulo', 'SP'),
    ('star109', 'teste', 2, '07.984.267/0152-12', 'Bruno Martins', 'Av. Albert Einsten, 627 - Bloco D - Andar 3 Parte', '05652-000', 'Jardim Leonor', 'São Paulo', 'SP'),
    ('star110', 'teste', 2, '07.984.267/0142-40', 'Gabriel Lima', 'Rod. Anhanguera, S/N - Km 72 - Sala 05', '13290-000', 'Santo Antonio', 'Louveira', 'SP'),
    ('star111', 'teste', 2, '07.984.267/0150-50', 'Eduardo Oliveira', 'Av. Paulista, 900 - Loja 1 TERREO ALTO', '01310-940', 'Bela Vista', 'São Paulo', 'SP'),
    ('star112', 'teste', 2, '07.984.267/0138-64', 'Fernanda Martins', 'V Tr Vp 0003, 6200 - Pavm Primeiro Suc 2', '88047-902', 'Carianos', 'Florianópolis', 'SC'),
    ('star113', 'teste', 2, '07.984.267/0140-89', 'Igor Silva', 'V Tr Vp 0003, 6200 - Pavm Primeiro Suc 1', '88047-902', 'Carianos', 'Florianópolis', 'SC'),
    ('star114', 'teste', 2, '07.984.267/0141-60', 'Helena Lima', 'V Tr Vp 0003, 6200 - Terreo Externo Suc 3', '88047-902', 'Carianos', 'Florianópolis', 'SC'),
    ('star115', 'teste', 2, '07.984.267/0139-45', 'Gabriel Martins', 'V Tr Vp 0003, 6200 - Galpao 1', '88047-902', 'Carianos', 'Florianópolis', 'SC'),
    ('star116', 'teste', 2, '07.984.267/0149-17', 'Igor Martins', 'Av. Dos Autonomistas, 1768 - PAVMTO1 NUMERO 1828 ESPACO COMERCIAL DO7D08', '06020-010', 'Vila Yara', 'Osasco', 'SP'),
    ('star117', 'teste', 2, '07.984.267/0154-84', 'Fernanda Souza', 'Av. Madre Benvenuta, 687 - LOJA 111/112 PISO L1', '88035-0001', 'Santa Monica', 'Florianópolis', 'SC'),
    ('star118', 'teste', 2, '07.984.267/0144-02', 'Igor Almeida', 'Rod. Helio Smidt, S/N - Terminal 3 - Lado Terra', '07190-100', 'Aeroporto', 'Guarulhos', 'SP'),
    ('star119', 'teste', 2, '07.984.267/0158-08', 'Eduardo Pereira', 'Avenida Avenida Guilherme Campos, 500 - LOJA 170 PARTE', '13087-901', 'Parque Das Flores', 'Campinas', 'SP'),
    ('star120', 'teste', 2, '07.984.267/0155-65', 'Juliana Rodrigues', 'Avenida Presidente Juscelino Kubitschek 1909 - LOJA 01 PARTE', '04543-907', 'Vila Nova Conceicao', 'São Paulo', 'SP'),
    ('star121', 'teste', 2, '07.984.267/0143-21', 'Bruno Costa', 'AEROPORTO INTERN. DE BRASILIA PRESID. JK LOJA 1060 PIER SUL', '71608-900', 'Lago Sul', 'Brasília', 'DF'),
    ('star122', 'teste', 2, '07.984.267/0147-55', 'Gabriel Almeida', 'AEROPORTO INTERNACIONAL JK LOJA UC 4062 PICK AP', '71608-900', 'Lago Sul', 'Brasília', 'DF'),
    ('star123', 'teste', 2, '07.984.267/0148-36', 'Bruno Silva', 'AEROPORTO INTERNACIONAL JK LOJA 17', '71608-900', 'Lago Sul', 'Brasília', 'DF'),
    ('star124', 'teste', 2, '07.984.267/0146-74', 'Bruno Lima', 'AEROPORTO INTERNCIONAL JK LJ 87 EMB/DESEMB', '71608-900', 'Lago Sul', 'Brasília', 'DF'),
    ('star125', 'teste', 2, '07.984.267/0145-93', 'Gabriel Pereira', 'AEROPORTO INTERNACIONAL DE BRASILIA PRESIDENTE JUSCELINO KUBITSCHECK S', '71608-900', 'Lago Sul', 'Brasília', 'DF'),
    ('star126', 'teste', 2, '07.984.267/0153-01', 'Fernanda Souza', 'Av. Albert Einsten, 627 - Bloco E', '05652-000', 'Jardim Leonor', 'São Paulo', 'SP'),
    ('star127', 'teste', 2, '07.984.267/0159-99', 'Juliana Nascimento', 'Rod. Presidente Dutra, Km 84', '12580-000', 'Tamborindeguy', 'Roseira', 'SP'),
    ('star128', 'teste', 2, '07.984.267/0156-46', 'Gabriel Souza', 'Av. Engenheiro Luiz Carlos Berrini, 1376 - Terro', '04571-936', 'Cidade Moncoes', 'São Paulo', 'SP'),
    ('star129', 'teste', 2, '07.984.267/0160-22', 'Gabriel Souza', 'Av Brig Faria Lima 1194 Terreoloja 1', '01451-001', 'Jardim Paulistano', 'São Paulo', 'SP'),
    ('star130', 'teste', 2, '07.984.267/0162-94', 'Igor Martins', 'INTERNACIONAL DE BRASILIA PRESIDENTE JUSCELINO KUBITSCHECK S/N LOJA 87', '71608-900', 'Lago Sul', 'Brasília', 'DF'),
    ('star131', 'teste', 2, '07.984.267/0164-56', 'Juliana Martins', 'Rod. BR 101 Km 210, S/N - SALA COMERCIAL Q.01', '88106-100', 'Distrito Industrial', 'São José', 'SC'),
    ('star132', 'teste', 2, '07.984.267/0163-75', 'Ana Nascimento', 'INTERNACIONAL DE BRASILIA PRESIDENTE JUSCELINO KUBITSCHECK S/N CONJ UN', '71608-900', 'Lago Sul', 'Brasília', 'DF'),
    ('star133', 'teste', 2, '07.984.267/0166-18', 'Daniela Martins', 'COMERCIAL SUL 50 LOJA 37 38 47 QUADRA08 TERREO', '70333-900', 'Asa Sul', 'Brasília', 'DF'),
    ('star134', 'teste', 2, '07.984.267/0176-90', 'Gabriel Costa', 'DE DIVERSOES NORTE S/N LOJA T-108 ESPACO COMERCIAL CONJ A', '70077-900', 'Asa Sul', 'Brasília', 'DF'),
    ('star135', 'teste', 2, '07.984.267/0182-38', 'Juliana Martins', 'Rua Pamplona, 1704 - LOJA LUC N 001 PAVMTOTERREO L1', '01405-907', 'Jardim Paulista', 'São Paulo', 'SP'),
    ('star136', 'teste', 2, '07.984.267/0172-66', 'Fernanda Pereira', 'Av Kennedy, 700 - Niv. 1 Piso Set. Unicoconj Esp. Com. 178', '09726-253', 'Jardim Do Mar', 'São Bernardo do Campo', 'SP'),
    ('star137', 'teste', 2, '07.984.267/0185-80', 'Eduardo Oliveira', 'Av Braz Leme, 1200 - LOJA LUC 14 E 15', '02511-000', 'Casa Verde', 'São Paulo', 'SP'),
    ('star138', 'teste', 2, '07.984.267/0170-02', 'Eduardo Silva', 'Av Severo Dullius, 90010 - Loja T1 N2 248 Tps1 Nivel 2 Embarque Domesticopavmtolado ar', '90200-910', 'São João', 'Porto Alegre', 'RS'),
    ('star139', 'teste', 2, '07.984.267/0174-28', 'Helena Costa', 'Av Severo Dullius, 90010 - Loja T1 N1 139 Tps1 Nivel 1 Check-In Domesticopavmtolado Ter', '90200-910', 'São João', 'Porto Alegre', 'RS'),
    ('star140', 'teste', 2, '07.984.267/0175-09', 'Eduardo Rodrigues', 'Av Severo Dullius, 90010 - Loja T1 N2 278 Tps1 Nivel 2 Check-In Domesticopavmtolado Ter', '90200-910', 'São João', 'Porto Alegre', 'RS'),
    ('star141', 'teste', 2, '07.984.267/0178-51', 'Gabriel Nascimento', 'Av Diario De Noticias, 300, Loja Luc 1028 Nivel Jockey', '90810-080', 'Cristal', 'Porto Alegre', 'RS'),
    ('star142', 'teste', 2, '07.984.267/0167-07', 'Helena Rodrigues', 'Aer Lgm 800 Km 7,9, S/N - Avmtosaguao Codificacao Loja Tp1Tq215', '33500-900', 'Aeroporto Cofins', 'Confins', 'MG'),
    ('star143', 'teste', 2, '07.984.267/0168-80', 'Helena Pereira', 'Aer Lmg 800 Km 7,9, S/N - Pavmtoembarque Domestico Tps2 Codificacao Loja Tp21Q413', '33500-900', 'Aeroporto Cofins', 'Confins', 'MG'),
    ('star144', 'teste', 2, '07.984.267/0169-60', 'Eduardo Lima', 'Aer Lgm 800 Km 7,9, S/N - Mzninocodificacao Tp11L117 Tp11L118 E Tp11L119', '33500-900', 'Aeroporto Cofins', 'Confins', 'MG'),
    ('star145', 'teste', 2, '07.984.267/0179-32', 'Bruno Nascimento', 'Av Dos Andradas, 3000, Conj Espao Comercial 2058Pavmto2 Piso', '30260-070', 'Santa Efigenia', 'Belo Horizonte', 'MG'),
    ('star146', 'teste', 2, '07.984.267/0202-16', 'Juliana Martins', 'Rua Comendador Elias Jafet, 755 - LOJA LUC 416A PAVMTOPISO L4', '05653-000', 'Jardim Leonor', 'São Paulo', 'SP'),
    ('star147', 'teste', 2, '07.984.267/0177-70', 'Fernanda Rodrigues', 'Av Candido De Abreu, 127 - Loja Ca09', '80530-900', 'Centro Civico', 'Curitiba', 'PR'),
    ('star148', 'teste', 2, '07.984.267/0183-19', 'Fernanda Costa', 'Av President Kennedy, 4121 - LOJA 1051 ANDAR L1', '80610-905', 'Portao', 'Curitiba', 'PR'),
    ('star149', 'teste', 2, '07.984.267/0173-47', 'Helena Costa', 'Rua Treze De Maio, 1933 - Loja E2031 Nivel Piso Treze De Maio', '01327-001', 'Bela Vista', 'São Paulo', 'SP'),
    ('star150', 'teste', 2, '07.984.267/0200-54', 'Gabriel Oliveira', 'Av. Morumbi, 6340 - Loja Luc N M0001 Bloco Galeria 1068', '05650-002', 'Morumbi', 'São Paulo', 'SP'),
    ('star151', 'teste', 2, '07.984.267/0171-85', 'Eduardo Silva', 'Av Iguatemi, 777 - Loja 23 Quadra23', '13092-902', 'Vila Brandina', 'Campinas', 'SP'),
    ('star152', 'teste', 2, '07.984.267/0190-48', 'Bruno Pereira', 'Av Severo Dullius, 90010 - PAVMTO2 DEPOSITO T1N2205 SETOR CHECK-IN INTERN.', '90200-910', 'São João', 'Porto Alegre', 'RS'),
    ('star153', 'teste', 2, '07.984.267/0189-04', 'Daniela Silva', 'Aer Lmg 800 Km 7,9, S/N - SUBSL TP2SD201 TP2SD203 TP2SD204', '33500-900', 'Aeroporto Cofins', 'Confins', 'MG'),
    ('star154', 'teste', 2, '07.984.267/0235-84', 'Fernanda Silva', 'AV ROCHA POMBO, S/N - SETOR N1.DEP.1007/1025 SETOR 1014ESTOQUE REMOTO', '83010-900', 'Aguas Belas', 'São Jose dos Pinhais', 'PR'),
    ('star155', 'teste', 2, '07.984.267/0180-76', 'Helena Oliveira', 'Rua Dos Andradas, 1448 - CONJ 32', '90020-010', 'Centro Historico', 'Porto Alegre', 'RS'),
    ('star156', 'teste', 2, '07.984.267/0186-61', 'Daniela Lima', 'Av Industrial, 600 - PAVMTOPISO TERREO SALA COMERCIAL 143/144', '09080-510', 'Campestre', 'Santo André', 'SP'),
    ('star157', 'teste', 2, '07.984.267/0184-08', 'Igor Martins', 'Av Victor Ferreira Do Amaral, 2633 - LOJA L1023 ANDAR L01', '82810-350', 'Taruma', 'Curitiba', 'PR'),
    ('star158', 'teste', 2, '07.984.267/0181-57', 'Gabriel Martins', 'Av Farroupilha, 4545 - QUIOSQQ314A NIVEL L3', '92020-475', 'Marechal Rondon', 'Canoas', 'RS'),
    ('star159', 'teste', 2, '07.984.267/0187-42', 'Carlos Nascimento', 'Rod. BR Trezentos e Ciquenta e Seis, 3049 - QUIOSQQNL04 E 05 PAVMTONOVA LIMA', '30320-900', 'Belvedere', 'Belo Horizonte', 'MG'),
    ('star160', 'teste', 2, '07.984.267/0188-23', 'Fernanda Silva', 'Av Do Batel, 1868 - LOJA 264 ANDAR L-2', '80420-090', 'Batel', 'Curitiba', 'PR'),
    ('star161', 'teste', 2, '07.984.267/0199-86', 'Helena Pereira', 'Rod. BR 101 KM 159, Loja 1034A Piso Terreo Setor', '88210-000', 'Santa Luzia', 'Porto Belo', 'SC'),
    ('star162', 'teste', 2, '07.984.267/0191-29', 'Ana Martins', 'Rua Rio de Janeiro, 910 - LOJA T 37 E 38 NIVEL PISO TUPI', '30162-959', 'Centro', 'Belo Horizonte', 'MG'),
    ('star163', 'teste', 2, '07.984.267/0198-03', 'Eduardo Pereira', 'Av Aricanduva, 5555 - Loja Arco 206-A', '03527-904', 'Jardim Santa Terezinha', 'São Paulo', 'SP'),
    ('star164', 'teste', 2, '07.984.267/0197-14', 'Fernanda Oliveira', 'Av Aricanduva, 5555 - Quisqem Frente Loja Arcos N 108 e 109', '03527-904', 'Jardim Santa Terezinha', 'São Paulo', 'SP'),
    ('star165', 'teste', 2, '07.984.267/0205-69', 'Carlos Souza', 'EST JOAQUIM BUENO NETO, 9999 - LOJA 99', '13299-600', 'Rio Abaixo', 'Itupeva', 'SP'),
    ('star166', 'teste', 2, '07.984.267/0210-26', 'Eduardo Silva', 'Av. Vicente Machado, 520', '80420-010', 'Centro', 'Curitiba', 'PR'),
    ('star167', 'teste', 2, '07.984.267/0206-40', 'Igor Rodrigues', 'Av. Rio Negro, 1100 - LOJA LUC 401/402 NIVEL PISO TERREO', '14406-005', 'São Miguel', 'Franca', 'SP'),
    ('star168', 'teste', 2, '07.984.267/0194-71', 'Bruno Martins', 'Av. Cristiano Machado, 4000 - Quisque 103 e 104 Nível Piso 1', '31160-900', 'União', 'Belo Horizonte', 'MG'),
    ('star169', 'teste', 2, '07.984.267/0192-00', 'Ana Silva', 'Av. Paulo Gracindo, 15 - Loja 54/55 Piso 1', '38411-145', 'Gavea', 'Uberlândia', 'MG'),
    ('star170', 'teste', 2, '07.984.267/0216-11', 'Carlos Nascimento', 'Rod. Papa Joao Paulo II, 3701 - QUIOSQ06 SUBSL CENTRO CONVIVENCIA', '31630-904', 'Serra Verde', 'Belo Horizonte', 'MG'),
    ('star171', 'teste', 2, '07.984.267/0196-33', 'Gabriel Lima', 'Rua São José, 933 - Loja PT 10E Nível Piso Térreo', '14010-160', 'Centro', 'Ribeirão Preto', 'SP'),
    ('star172', 'teste', 2, '07.984.267/0195-52', 'Eduardo Costa', 'Al. Annita Hoepcke da Silva, 112 - Loja 12 Galpão 5', '88010-282', 'Centro', 'Florianópolis', 'SC'),
    ('star173', 'teste', 2, '07.984.267/0203-05', 'Igor Oliveira', 'R BRIGADEIRO FRANCO, 2300 - LOJA 101-3 ANDAR S1 COND SHOPPING CURITIBA CDBLOCO COMPLEXO', '80250-030', 'Centro', 'Curitiba', 'PR'),
    ('star174', 'teste', 2, '07.984.267/0212-98', 'Helena Oliveira', 'Av. Vereador Narciso Yagues Guimaraes, 1001 - PAVMTOPISO TERREO LOJA ARCO QM06B', '08780-000', 'Centro Civico', 'Mogi das Cruzes', 'SP'),
    ('star175', 'teste', 2, '07.984.267/0193-90', 'Juliana Souza', 'Av General David Sarnoff, 5160 - Quiosque120 Nível Piso 1', '32210-110', 'Cidade Industrial', 'Contagem', 'MG'),
    ('star176', 'teste', 2, '07.984.267/0201-35', 'Bruno Costa', 'Est de Jacarepagua, 6069 - LUC 145B', '22753-033', 'Anil', 'Rio de Janeiro', 'RJ'),
    ('star177', 'teste', 2, '07.984.267/0214-50', 'Daniela Nascimento', 'Av. Das Americas, 4666 - P 73 LUC 237 J NIVEL AMERICAS', '22640-102', 'Barra Da Tijuca', 'Rio de Janeiro', 'RJ'),
    ('star178', 'teste', 2, '07.984.267/0217-00', 'Helena Lima', 'Rua Carlos Gomes, 1321 - LOJA LUC 247', '13480-013', 'Centro', 'Limeira', 'SP'),
    ('star179', 'teste', 2, '07.984.267/0204-88', 'Ana Pereira', 'Est do Monteiro, 1200 - LUC 105 X L1', '23045-830', 'Campo Grande', 'Rio de Janeiro', 'RJ'),
    ('star180', 'teste', 2, '07.984.267/0213-79', 'Fernanda Silva', 'Rua Sete de Setembro, 555 - PAVMTOPISO TERREO QPE 02', '08673-020', 'Parque Suzano', 'Suzano', 'SP'),
    ('star181', 'teste', 2, '07.984.267/0222-60', 'Eduardo Oliveira', 'Av. Carlos Pereira da Silva, 6000 - LOJA LUC 150 PAVMTOPISO TERREO', '16026-035', 'Guanabara', 'Araçatuba', 'SP'),
    ('star182', 'teste', 2, '07.984.267/0208-01', 'Igor Silva', 'Av. Cristiano Machado, 11833 - LOJA LUC SEB01038 LOJA SEB01039 PAVMTO1', '31744-007', 'Vila Cloris', 'Belo Horizonte', 'MG'),
    ('star183', 'teste', 2, '07.984.267/0207-20', 'Gabriel Almeida', 'Av. Sete de Setembro, 2775', '80230-010', 'Rebouças', 'Curitiba', 'PR'),
    ('star184', 'teste', 2, '07.984.267/0220-06', 'Carlos Pereira', 'Av. Presidente Kennedy, 425 - LOJA 154 1 PISO', '24445-000', 'Centro', 'São Gonçalo', 'RJ'),
    ('star185', 'teste', 2, '07.984.267/0209-92', 'Ana Rodrigues', 'Av. Presidente Carlos Luz, 3001 - GALPAOLUC SDR02029 PAVMTO2', '31250-900', 'Caicaras', 'Belo Horizonte', 'MG'),
    ('star186', 'teste', 2, '07.984.267/0215-30', 'Carlos Lima', 'Rod. Br 060 KM 22, S/N - LOJA 1021CD', '72930-000', 'State of Goias', 'Alexânia', 'GO'),
    ('star187', 'teste', 2, '07.984.267/0211-07', 'Gabriel Rodrigues', 'Rua Professor Pedro Viriato Parigot de Souza, 600', '81200-100', 'Campina do Siqueira', 'Curitiba', 'PR'),
    ('star188', 'teste', 2, '07.984.267/0218-83', 'Ana Rodrigues', 'Aer. LMG 800, KM 7,9 S/N - LOJA TP11L401 LADO AR RESTRITO', '33500-900', 'Aeroporto Cofins', 'Confins', 'MG'),
    ('star189', 'teste', 2, '07.984.267/0226-93', 'Helena Martins', 'Rod. D. Pedro 1 SP 65, S/N - LOJA 1 KM 95 515M', '13252-350', 'Mato Dentro, Do', 'Itatiba', 'SP'),
    ('star190', 'teste', 2, '07.984.267/0219-64', 'Fernanda Nascimento', 'Rod. BR 470, 3000 - LOJA SALAO COMERCIAL L.96 97 E 98', '89065-800', 'Salto do Norte', 'Blumenau', 'SC'),
    ('star191', 'teste', 2, '07.984.267/0221-89', 'Eduardo Almeida', 'Av. Rolf Wiest, 333 - LOJA SALAO COMERCIAL L.81/82', '89223-005', 'Bom Retiro', 'Joinville', 'SC'),
    ('star192', 'teste', 2, '07.984.267/0223-40', 'Daniela Martins', 'Quadra QS 01 Rua 210, S/N - LOTE 40 PISO 1 LOJA LUC 1112/1113', '71950-904', 'Aguas Claras', 'Brasília', 'DF'),
    ('star193', 'teste', 2, '07.984.267/0234-01', 'Igor Silva', 'AV AYRTON SENNA DA SILVA, 1511 - LOJA LUC 41 E-F', '11726-900', 'XIXOVA', 'Praia Grande', 'SP'),
    ('star194', 'teste', 2, '07.984.267/0254-47', 'Juliana Rodrigues', 'AER PRESIDENTE JUSCELINO KUBISTSCHECK S/N, LOJA 1223 CORPO CENTRAL', '71608-900', 'LAGO SUL', 'Brasília', 'DF'),
    ('star195', 'teste', 2, '07.984.267/0228-55', 'Juliana Nascimento', 'Av. Visconde de Taunay, 235 - LOJA LUC 001/2/3 1 PISO', '89201-908', 'Centro', 'Joinville', 'SC'),
    ('star196', 'teste', 2, '07.984.267/0243-94', 'Helena Pereira', 'AV OTTO BAUMGART 500, QUIOSQ01A', '02049-000', 'Vila Guilherme', 'São Paulo', 'SP'),
    ('star197', 'teste', 2, '07.984.267/0242-03', 'Igor Almeida', 'AV OTTO BAUMGART 433, QUIOSQL06', '02049-000', 'Vila Guilherme', 'São Paulo', 'SP'),
    ('star198', 'teste', 2, '07.984.267/0237-46', 'Eduardo Oliveira', 'AV JOAO NAVES DE AVILA 1331, LOJA LUC SUB00087 1 PAVIMENTO', '38405-140', 'Tibery', 'Uberlândia', 'MG'),
    ('star199', 'teste', 2, '07.984.267/0231-50', 'Juliana Lima', 'R BOCAIUVA, 2468 - LOJA SUC 157/158/158 F', '88015-902', 'Centro', 'Florianópolis', 'SC'),
    ('star200', 'teste', 2, '07.984.267/0250-13', 'Igor Silva', 'R DAS PORTAS DO CARMO, 49/51 - Loja Starbucks', '40026-290', 'Pelourinho', 'Salvador', 'BA'),
    ('star201', 'teste', 2, '07.984.267/0232-31', 'Ana Souza', 'AV CENTENARIO, 002992 - EDIF SHOPPING BARRA LOJA LUC 119/20 PAVMTOPRIMEIRO PISO', '40140-902', 'Barra', 'Salvador', 'BA'),
    ('star202', 'teste', 2, '07.984.267/0233-12', 'Juliana Souza', 'AV TANCREDO NEVES, 000148 - EDIF SHOPPING DA BAHIA LOJA U001/002 LOJA U003/004', '41820-908', 'Caminho das Arvores', 'Salvador', 'BA'),
    ('star203', 'teste', 2, '07.984.267/0225-02', 'Bruno Martins', 'Av. Antonio Frederico Ozanan, 6000 - LOJA 1411 - 1 PISO', '13215-900', 'Vila Rio Branco', 'Jundiaí', 'SP'),
    ('star204', 'teste', 2, '07.984.267/0230-70', 'Fernanda Nascimento', 'AV ROCHA POMBO, S/N - LOJA LUC N1.E17.P11 NIVEL ARSIDE', '83010-900', 'Aguas Belas', 'São José dos Pinhais', 'PR'),
    ('star205', 'teste', 2, '07.984.267/0229-36', 'Daniela Pereira', 'AV ROCHA POMBO, S/N - LOJA LUC N1.E07.CHKIN NIVEL LANDSIDE', '83010-900', 'Aguas Belas', 'São José dos Pinhais', 'PR'),
    ('star206', 'teste', 2, '07.984.267/0236-65', 'Gabriel Pereira', 'AV VICENTE DE CARVALHO, 00909 - LOJA 131 1 PISO', '21210-623', 'VICENTE DE CARVALHO', 'Rio de Janeiro', 'RJ'),
    ('star207', 'teste', 2, '07.984.267/0238-27', 'Bruno Costa', 'EST DO PORTELA, 00222 - LOJAS 139 E 140', '21351-051', 'Madureira', 'Rio de Janeiro', 'RJ'),
    ('star208', 'teste', 2, '07.984.267/0239-08', 'Igor Martins', 'AV ABILIO AUGUSTO TAVORA, 1111 - LOJA LUC 3063/3064 PAVMTO1 PISO', '26260-045', 'Da Luz', 'Nova Iguacu', 'RJ'),
    ('star209', 'teste', 2, '07.984.267/0240-41', 'Helena Oliveira', 'R SETE DE SETEMBRO 1213, LOJA LUC 106/107', '89010-911', 'Centro', 'Blumenau', 'SC'),
    ('star210', 'teste', 2, '07.984.267/0246-37', 'Ana Martins', 'ROD BR-381 FERNAO DIAS 601, KM 492 LUC 3021 PAVMTOPISO 3', '32655-505', 'São João', 'Betim', 'MG'),
    ('star211', 'teste', 2, '07.984.267/0244-75', 'Carlos Nascimento', 'R ERMELINO DE LEAO 703, QUIOSQ129 PAVMTOPISO TERREO', '84035-000', 'Olarias', 'Ponta Grossa', 'PR'),
    ('star212', 'teste', 2, '07.984.267/0241-22', 'Daniela Costa', 'AV PRAIA DE BELAS 1181, LOJA 415 PAVMTOPISO 1', '90110-001', 'Praia de Belas', 'Porto Alegre', 'RS'),
    ('star213', 'teste', 2, '07.984.267/0251-02', 'Gabriel Lima', 'R DR JOAO RIBEIRO, 304 - QUIOSQ07 PRACA DE EVENTOS', '03634-900', 'Penha de Franca', 'São Paulo', 'SP'),
    ('star214', 'teste', 2, '07.984.267/0249-80', 'Helena Silva', 'AV SEVERINO BALLESTEROS RODRIGUES, 850 - LOJA SCO1014/1015 PISO L1', '32110-005', 'Ressaca', 'Contagem', 'MG'),
    ('star215', 'teste', 2, '07.984.267/0247-18', 'Helena Martins', 'ROD RSC 453 2780, KM 3 SICSTAR1 PISO 1', '95032-898', 'Cidade Nova', 'Caxias do Sul', 'RS'),
    ('star216', 'teste', 2, '07.984.267/0252-85', 'Juliana Costa', 'ROD BR-277, S/N - QUIOSQ01/02 PISO TERREO KM 122', '83604-175', 'Vila Itaqui', 'Campo Largo', 'PR'),
    ('star217', 'teste', 2, '07.984.267/0253-66', 'Fernanda Costa', 'AV. DEPUTADO JAMEL CECILIO, 3300 - QUADRAB-34/B-37 LOTE 3300 P 118/120/122 PAVMTOPISO 01', '74810-100', 'Jardim Goias', 'Goiania', 'GO'),
    ('star218', 'teste', 2, '07.984.267/0256-09', 'Juliana Martins', 'ROD CELSO GARCIA CID, 5600 - LOJA LUC SCL00603 NIVEL PAVIMENTO 1', '86050-901', 'Gleba Fazenda Palhano', 'Londrina', 'PR'),
    ('star219', 'teste', 2, '07.984.267/0255-28', 'Ana Silva', 'AV COLOMBO, 9161 - LOJA LUC SCM00004', '87070-000', 'Gleba Patrimonio Maringa', 'Maringa', 'PR'),
    ('star220', 'teste', 2, '07.984.267/0227-74', 'Fernanda Rodrigues', 'AV. ALBERTO BENASSI, 2270 - LOJA LUC 133/134', '14804-300', 'Jardim Bandeirantes', 'Araraquara', 'SP'),
    ('star221', 'teste', 2, '07.984.267/0258-70', 'Eduardo Nascimento', 'R PADRE CARAPUCEIRO, 777 - LOJA 0150 PC PAVMTO PISO PADRE CARAPUCEIRO', '51020-280', 'Boa Viagem', 'Recife', 'PE'),
    ('star222', 'teste', 2, '07.984.267/0257-90', 'Ana Souza', 'Av. WASHINGTON SOARES, 85 - LOJA 424', '60811-341', 'Edson Queiroz', 'Fortaleza', 'CE'),
    ('star223', 'teste', 2, '07.984.267/0261-76', 'Bruno Oliveira', 'AV. COSTA E SILVA, 185 - LOJA 102 PISO L01', '85863-000', 'Centro Civico', 'Foz do Iguaçu', 'PR'),
    ('star224', 'teste', 2, '07.984.267/0260-95', 'Eduardo Souza', 'AV. AYRTON SENNA DA SILVA, 400 - LOJA LUC 36/T', '86050-460', 'Gleba Fazenda Palhano', 'Londrina', 'PR'),
    ('star225', 'teste', 2, '07.984.267/0259-51', 'Fernanda Rodrigues', 'R MANOEL DA NOBREGA, 712 - QUIOSQ14 PISO PAINEIRA', '09910-720', 'Centro', 'Diadema', 'SP'),
    ('star226', 'teste', 2, '07.984.267/0263-38', 'Fernanda Souza', 'AV RIO VERDE, S/N - LOJA LUC 125 QUADRA108E LOTE 0001', '74915-515', 'Vila São Tomas', 'Aparecida de Goiânia', 'GO'),
    ('star227', 'teste', 2, '07.984.267/0262-57', 'Carlos Martins', 'R DESEMBARGADOR LAURO NOGUEIRA 1500, SALAO COMERCIAL 2159 PISO L2', '60176-065', 'PAPICU', 'Fortaleza', 'CE'),
    ('star228', 'teste', 2, '07.984.267/0270-67', 'Fernanda Rodrigues', 'AV LUIS VIANA FILHO, 8544 - LOJA LUC C101LOJA LUC C101', '41680-400', 'Patamares', 'Salvador', 'BA'),
    ('star229', 'teste', 2, '07.984.267/0224-21', 'Bruno Silva', 'AV ALFREDO LISBOA, n° 18', '50030-150', 'RECIFE', 'Recife', 'PE'),
    ('star230', 'teste', 2, '07.984.267/0274-90', 'Carlos Nascimento', 'ST SMAS TRECHO 1 LT A, S/N, QUIOSQIM 228 PISO SUPERIOR', '71219-900', 'GUARA', 'Brasilia', 'DF'),
    ('star231', 'teste', 2, '07.984.267/0280-39', 'Daniela Pereira', 'AV BEZERRA DE MENEZES 2450, 262B', '60325-002', 'PRESIDENTE KENNEDY', 'Fortaleza', 'CE'),
    ('star232', 'teste', 2, '07.984.267/0273-00', 'Fernanda Pereira', 'AV LINEU MACHADO 419, LOJA LUC 1017/1018', '60520-101', 'JOQUEI CLUBE', 'Fortaleza', 'CE'),
    ('star233', 'teste', 2, '07.984.267/0276-52', 'Ana Nascimento', 'AV SENADOR CARLOS JEREISSATI, 3000, T1N2218', '60422-899', 'AEROPORTO', 'Fortaleza', 'CE'),
    ('star234', 'teste', 2, '07.984.267/0277-33', 'Carlos Nascimento', 'AV SENADOR CARLOS JEREISSATI 3000, T1N3337', '60422-899', 'AEROPORTO', 'Fortaleza', 'CE'),
    ('star235', 'teste', 2, '07.984.267/0279-03', 'Ana Almeida', 'AV ENGENHEIRO SANTANA JUNIOR 2977, LOJA-06', '60192-205', 'COCO', 'Fortaleza', 'CE'),
    ('star236', 'teste', 2, '07.984.267/0034-78', 'Fernanda Silva', 'Rod. Edgard Maximo Zambotto (SP 354), Km 76,5 , Sala 01', '13240-000', 'Campo dos Aleixos', 'Jarinu', 'SP'),
    ('star237', 'teste', 2, '07.984.267/0034-78', 'Igor Rodrigues', 'Rod. Edgard Maximo Zambotto (SP 354), Km 76,5 , Sala 01', '13240-000', 'Campo dos Aleixos', 'Jarinu', 'PR'),
    ('star238', 'teste', 2, '07.984.267/0034-78', 'Eduardo Oliveira', 'Rod. Edgard Maximo Zambotto (SP 354), Km 76,5 , Sala 01', '13240-000', 'Campo dos Aleixos', 'Jarinu', 'MG'),
    ('star239', 'teste', 2, '07.984.267/0034-78', 'Gabriel Souza', 'Rod. Edgard Maximo Zambotto (SP 354), Km 76,5 , Sala 01', '13240-000', 'Campo dos Aleixos', 'Jarinu', 'RJ'),
    ('star240', 'teste', 2, '07.984.267/0002-90', 'Juliana Almeida', 'Rua Funchal, 551 - CONJ 62', '04551-060', 'Vl. Olimpia', 'São Paulo', 'SP');